,Frame Time,vrep,ymin,ylow,yavg,yhigh,ymax,umin,ulow,uavg,uhigh,umax,vmin,vlow,vavg,vhigh,vmax,satmin,satlow,satavg,sathigh,satmax,huemed,hueavg,ydif,udif,vdif,ybitdepth,ubitdepth,vbitdepth,tout,brng
count,3597.0,3597.0,3597.0,3597.0,3597.0,3597.0,3597.0,3597.0,3597.0,3597.0,3597.0,3597.0,3597.0,3597.0,3597.0,3597.0,3597.0,3597.0,3597.0,3597.0,3597.0,3597.0,3597.0,3597.0,3597.0,3597.0,3597.0,3597.0,3597.0,3597.0,3597.0,3597.0
mean,59.99326666666666,0.028530293144286904,0.0,32.218793438976924,69.04636535168194,139.27411731998887,232.5084792882958,63.46232971921045,112.63886572143453,121.99281540172366,131.26716708368085,164.29941618015013,104.77453433416736,125.92827356130108,131.64511759799834,137.59966638865723,166.67278287461772,0.0,1.6916875173755908,11.06425996385877,21.46232971921045,69.97164303586322,148.23380594940227,149.02100500417015,2.194147535223798,2.4411191159299417,1.620263730052822,8.0,8.0,8.0,0.002333173132332499,0.09304380914095078
std,34.65157651526318,0.16074650674213678,0.0,15.509593801212917,35.569768376620544,72.49615025704404,23.192219166380593,14.869530342723278,12.838041861847001,8.965209273424872,8.52181412768774,17.210068715037167,10.181338948129516,3.3814539732154163,4.488124504410513,7.671754523168475,15.746124984081023,0.0,1.1809435925757883,6.378723456696221,12.418008578776085,16.529990168457918,55.65547916183267,49.6356627714303,2.3299306961185238,0.8530740282202759,0.6363910082438498,0.0,0.0,0.0,0.0011900474875298492,0.19283345642020383
min,0.0,0.0,0.0,1.0,1.21088,1.0,132.0,9.0,88.0,107.829,126.0,135.0,66.0,116.0,122.953,127.0,133.0,0.0,0.0,1.23527,2.0,39.0,108.0,112.744,0.0,0.0,0.0,8.0,8.0,8.0,0.000688729,0.0011917
25%,29.996633,0.0,0.0,17.0,31.8949,51.0,215.0,55.0,103.0,116.001,127.0,148.0,97.0,127.0,128.07,130.0,158.0,0.0,1.0,5.32714,9.0,57.0,117.0,124.09,1.61504,1.92372,1.22478,8.0,8.0,8.0,0.00148891,0.0011917
50%,59.993267,0.0,0.0,37.0,75.4543,162.0,235.0,72.0,110.0,119.154,128.0,164.0,108.0,127.0,133.368,140.0,166.0,0.0,1.0,11.4369,23.0,62.0,122.0,129.321,2.06903,1.99505,1.30375,8.0,8.0,8.0,0.00177183,0.0380087
75%,89.9899,0.0,0.0,39.0,94.7821,192.0,255.0,74.0,125.0,127.682,130.0,179.0,114.0,128.0,135.16,144.0,180.0,0.0,3.0,14.417,29.0,81.0,161.0,154.962,2.4885,2.88112,1.93877,8.0,8.0,8.0,0.00307499,0.116844
max,119.986533,0.987654,0.0,62.0,133.074,248.0,255.0,90.0,131.0,141.008,156.0,216.0,118.0,128.0,138.717,152.0,203.0,0.0,5.0,23.5357,45.0,121.0,290.0,281.45,87.279,13.4459,9.23477,8.0,8.0,8.0,0.0148177,0.998883
